Index,Title,Website,Date,Link
1,NaN,NaN,1920,/wiki/ISBN_(identifier)
2,"""Art and Politics: A Staff from the Court of Benin, West Africa""",Metropolitan Museum Journal,1978,/wiki/Doi_(identifier)
3,NaN,NaN,1992,https://archive.org/details/royalartofbeninp0000ezra
4,NaN,NaN,1993,https://archive.org/details/makingmummiesdan00thom
5,NaN,NaN,1994,/wiki/ISBN_(identifier)
6,"""Africa, Oceania, and the Americas""",The Metropolitan Museum of Art Bulletin,1995,/wiki/Doi_(identifier)
7,NaN,NaN,1995,NaN
8,NaN,NaN,1996,/wiki/ISBN_(identifier)
9,NaN,NaN,1996,/wiki/ISBN_(identifier)
10,NaN,NaN,1997,/wiki/Philippe_de_Montebello
11,NaN,NaN,2003,/wiki/ISBN_(identifier)
12,NaN,NaN,2005,https://archive.org/details/cloistersmedieva00barn/page/57
13,"""Dress Sense""",The Atlantic,2007,/wiki/The_Atlantic
14,NaN,NaN,2007,NaN
15,NaN,NaN,2008,/wiki/ISBN_(identifier)
16,NaN,NaN,2009,https://archive.org/details/roguesgallerysec00gros/page/45
17,NaN,NaN,2009,NaN
18,NaN,NaN,2009,/wiki/Anna_Quindlen
19,NaN,NaN,2009,/wiki/ISBN_(identifier)
20,"""Collector/Collected. Primitive Art, Passionate Discourse, and the Imaginary Crossing of Boundaries""",Anthropos,2012,/wiki/Doi_(identifier)
21,NaN,NaN,2012,/wiki/ISBN_(identifier)
22,NaN,NaN,2016,/wiki/ISBN_(identifier)
23,NaN,NaN,2018,/wiki/ISBN_(identifier)
24,"""Leonard Lauder Donates $1 Billion Art Collection To Met""",British Vogue,"April 10, 2013",https://www.vogue.co.uk/article/leonard-lauder-donates-1-billion-art-collection-to-the-met-museum
25,"""Metropolitan Museum of Art Names Fine Arts Museums of San Francisco's Max Hollein Director""",ARTNews,"April 10, 2018",http://www.artnews.com/2018/04/10/fine-arts-museums-san-franciscos-max-hollein-named-director-metropolitan-museum-art/
26,"""Eastman Johnson – Co-founder of the Metropolitan Museum of Art""",Archived from the original on April ,"April 13, 2015",http://www.tuttartpitturasculturapoesiamusica.com/2013/05/Eastman-Johnson.html
27,"""The Cloisters Museum and Gardens""",The Metropolitan Museum of Art,"April 15, 2012",http://www.metmuseum.org/about-the-museum/history-of-the-museum/the-cloisters-museum-and-gardens
28,"""Asian Art | the Metropolitan Museum of Art""",Archived from the original on April ,"April 16, 2017",http://www.metmuseum.org/about-the-met/curatorial-departments/asian-art
29,"""With Rumors, Scandal, and a Record Budget Shortfall, What Broke the Met?""",Vulture,"April 16, 2017",https://www.vulture.com/2017/04/what-broke-the-met-museum.html
30,NaN,NaN,"April 17, 2017",NaN
31,"""A Hushed Departure at the Met Museum Reveals Entrenched Management Culture""",The New York Times,"April 2, 2017",https://www.nytimes.com/2017/04/02/arts/design/met-museum-campbell-resignation-brodsky-coburn.html
32,"""The Costume Institute | The Metropolitan Museum of Art""",www.metmuseum.org,"April 2, 2019",https://www.metmuseum.org/about-the-met/curatorial-departments/the-costume-institute
33,"""Classical Treasures, Bathed in a New Light""",The New York Times,"April 20, 2007",https://www.nytimes.com/2007/04/20/arts/design/20anci.html?ex=1334721600&en=d719d4e4c2744f72&ei=5090&partner=rssuserland&emc=rss
34,"""A Look at the Met Breuer Before the Doors Open""", Archived April ,"April 22, 2016",https://www.nytimes.com/2016/03/02/arts/design/a-look-at-the-met-breuer-before-the-doors-open.html
35,"""Visit to the Met Could Cost You, if You Don't Live in New York""",The New York Times,"April 26, 2017",https://www.nytimes.com/2017/04/26/arts/design/met-museum-in-quiet-talks-with-city-weighs-an-admission-fee.html
36,"""Visit to the Met Could Cost You, if You Don't Live in New York""",The New York Times,"April 26, 2017",https://www.nytimes.com/2017/04/26/arts/design/met-museum-in-quiet-talks-with-city-weighs-an-admission-fee.html
37,"""At the Met, Andrew Bolton Is the Storyteller in Chief""",The New York Times,"April 29, 2015",https://www.nytimes.com/2015/04/30/fashion/mens-style/at-the-met-andrew-bolton-is-the-storyteller-in-chief.html
38,NaN,NaN,"April 3, 2016",http://libmma.org/digital_files/archives/Schools_Records_b18062179.pdf
39,"""1944""",Playbill,"April 8, 2009",https://web.archive.org/web/20090408051558/http://www.playbill.com/news/article/68652.html
40,"""The Metropolitan Museum of Art Announces 2004–2005 Season of Concerts, the 51st Season""", Archived August ,"August 13, 2017",http://www.metmuseum.org/press/news/2004/the-metropolitan-museum-of-art-announces-20042005-season-of-concerts-the-51st-season
41,"""Cambodia Says It's Found Its Lost Artifacts: In Gallery 249 at the Met""",The New York Times,"August 18, 2022",https://www.nytimes.com/2022/08/18/arts/design/met-artifacts-cambodia.html
42,"""The Lost Harriet Douglas Cruger Mansion – No. 128 West 14th Street,""", Daytonian in Manhattan,"August 24, 2015",http://daytoninmanhattan.blogspot.com/2015/08/the-lost-harriet-douglas-cruger-mansion.html
43,"""How Art Collected by a Long-Lost Rockefeller Changed the Met Museum Forever""",Observer,"August 26, 2015",https://observer.com/2015/08/how-art-collected-by-a-long-lost-rockefeller-changed-the-met-museum-forever/
44,"""Max Hollein Consolidates Roles as Met Museum's Chief""",The New York Times,"August 3, 2022",https://www.nytimes.com/2022/08/03/arts/design/max-hollein-met-museum-chief-executive.html
45,"""The Metropolitan Museum of Art Announces Record Attendance""",The New York Times,"August 5, 2016",https://www.nytimes.com/2016/08/05/arts/design/the-metropolitan-museum-of-art-announces-record-attendance.html
46,NaN,NaN,"August 8, 2014",http://libmma.org/digital_files/archives/Trescher_Centennial_records_b18234550.pdf
47,"""At the Museums: Four Eyes""",The New Yorker,"December 1, 2008",https://www.newyorker.com/talk/2008/12/01/081201ta_talk_halford?printable=true
48,"""The Metropolitan Museum of Art – Curatorial Departments""",Archived from the original on December ,"December 1, 2012",http://www.metmuseum.org/en/about-the-museum/museum-departments/curatorial-departments
49,"""The Met begins $70m renovation of African, ancient American and Oceanic art galleries""",The Art Newspaper,"December 14, 2021",https://www.theartnewspaper.com/2021/12/14/metropolitan-museum-african-ancient-american-oceanic-art-galleries
50,"""Collections""",Archived from the original on December ,"December 19, 2014",http://libmma.org/portal/collections/
51,"""Meet the Staff""",www.metmuseum.org,"December 24, 2018",https://www.metmuseum.org/about-the-met/curatorial-departments/the-american-wing/staff-list
52,"""How Did You Build This Museum? And More #MetKids Questions!""",The Met,"December 28, 2016",https://www.metmuseum.org/blogs/metkids/2016/history-of-the-met/
53,"""NHL nomination for Metropolitan Museum of Art""",National Park Service,"December 29, 2017",https://npgallery.nps.gov/NRHP/GetAsset/NHLS/86003556_text
54,"""Visitor Figures""",www.theartnewspaper.com,"December 5, 2020",http://www.theartnewspaper.com/visitor-figures
55,"""West Asia: Between Tradition and Modernity""",New York: Heilbrunn Timeline of Art History; The Metropolitan Museum of Art,"December 8, 2011",http://www.metmuseum.org/toah/hd/trmd/hd_trmd.htm
56,"""NYC's Met Pulls Sackler Name From Galleries After Opioid Scandal""",Bloomberg,"December 9, 2021",https://www.bloomberg.com/news/articles/2021-12-09/new-york-s-met-museum-removes-sackler-name-from-galleries?srnd=premium&sref=CIpmV6x8
57,NaN,NaN,"February 1, 2020",https://www.youtube.com/watch?v=3WgClpYaeDY
58,"""The Robert Lehman Collection""", (Press release),"February 12, 2006",https://web.archive.org/web/20060212213810/http://www.metmuseum.org/Press_Room/full_release.asp?prid=6E3EF378-71B3-4FD1-B7ED-BC5F36E57CD0
59,"""Rare photo sets $2.9m sales record""",BBC News,"February 15, 2006",http://news.bbc.co.uk/1/hi/world/americas/4715106.stm
60,NaN,NaN,"February 15, 2017",https://books.google.com/books?id=jlcPcCuicKQC&q=Morgantina%20Met%20OR%20Metropolitan
61,"""Met Museum to Return Prize Artifact Because It Was Stolen""",The New York Times,"February 15, 2019",https://www.nytimes.com/2019/02/15/arts/design/met-museum-stolen-coffin.html
62,"""Art Review: Feast of Illuminations and Drawings""",The New York Times,"February 18, 2000",https://www.nytimes.com/2000/02/18/arts/art-review-feast-of-illuminations-and-drawings.html
63,"""The Metropolitan Museum of Art: An Architectural History""", (PDF),"February 2, 2017",http://www.metmuseum.org/pubs/bulletins/1/pdf/3259465.pdf.bannered.pdf
64,"""This Weekend in Met History: February 20""",Museum Archives,"February 23, 2014",http://www.metmuseum.org/about%20the%20museum/now%20at%20the%20met/features/2012/this%20weekend%20in%20met%20history%20february%2020
65,"""Times Topics: Metropolitan Museum's Director Resigns Under Pressure""",New York Times,"February 28, 2017",https://www.nytimes.com/2017/02/28/arts/design/met-museum-director-resigns-thomas-campbell.html
66,"""The Met Makes 375,000 Public Domain Images Available""",Fortune,"February 7, 2017",http://fortune.com/2017/02/07/met-museum-public-domain-images/
67,"""Met Museum to Renovate Its Ancient Near East and Cypriot Galleries""",The New York Times,"February 9, 2022",https://www.nytimes.com/2022/02/09/arts/design/met-galleries-renovations.html
68,NaN,NaN,"January 1, 2016",https://books.google.com/books?id=Z16LK1yEhBUC&pg=RA1-PA101
69,"""'Jihad' jitters at Met""",New York Post,"January 10, 2010",http://www.nypost.com/p/news/local/manhattan/jihad_jitters_at_met_76yj3VNUy4hcRAnhOcPCHP
70,NaN,NaN,"January 11, 2022",https://archive.org/details/robertlehmancoll0000metr_i9v6
71,"""Sabine Houdon""",www.metmuseum.org,"January 11, 2023",https://www.metmuseum.org/art/collection/search/200668
72,"""What is the Metropolitan Museum of Art?""",study,"January 11, 2023",https://study.com/academy/lesson/what-is-the-metropolitan-museum-of-art-history-artwork.html
73,"""Meet the Staff""",www.metmuseum.org,"January 11, 2023",https://www.metmuseum.org/about-the-met/collection-areas/drawings-and-prints/staff
74,"""Christmas Tree and Neapolitan Baroque Crèche""",www.metmuseum.org,"January 11, 2023",https://www.metmuseum.org/exhibitions/listings/2022/christmas-tree
75,"""The Metropolitan Museum of Art Announces Major Gift from Qatar Museums""",www.metmuseum.org,"January 12, 2023",https://www.metmuseum.org/press/news/2022/gift-from-qatar
76,"""Extreme Beauty: The Body Transformed""",www.metmuseum.org,"January 12, 2023",https://www.metmuseum.org/art/metpublications/extreme_beauty_the_body_transformed
77,"""History of the Department""",www.metmuseum.org,"January 12, 2023",https://www.metmuseum.org/about-the-met/collection-areas/drawings-and-prints/history-of-the-department
78,"""Mary Elizabeth Adams Brown's Collection Celebrates 125 Years at the Met""",www.metmuseum.org,"January 12, 2023",https://www.metmuseum.org/blogs/of-note/2014/mary-elizabeth-brown-collection
79,"""The Alfred Stieglitz Collection | About""",Art Institute of Chicago,"January 12, 2023",https://archive.artic.edu/stieglitz/about/
80,"""The Metropolitan Museum of Art at HumanitiesWeb""",Humanitiesweb,"January 13, 2012",http://www.humanitiesweb.org/human.php?s=g&p=a&a=i&ID=1138
81,"""Met Names Costume Institute Complex in Honor of Anna Wintour""",Women's Wear Daily,"January 14, 2014",http://www.wwd.com/fashion-news/fashion-features/met-names-costume-institute-complex-in-honor-of-anna-wintour-7360586?src=nl/mornReport/20140115
82,"""Today in Met History: April 13""",The Metropolitan Museum of Art,"January 17, 2015",http://www.metmuseum.org/about-the-museum/now-at-the-met/features/2010/today-in-met-history-april-13
83,"""The Met and the Now""",The New Yorker,"January 18, 2016",http://www.newyorker.com/magazine/2016/01/25/the-met-and-the-now
84,"""Moody's assigns Aaa to Metropolitan Museum of Art's (NY) $250M Series 2015 bonds; outlook stable""",Moody's,"January 20, 2015",https://web.archive.org/web/20171019004655/https://www.moodys.com/research/Moodys-assigns-Aaa-to-Metropolitan-Museum-of-Arts-NY-250M--PR_316776
85,"""The Permanent Collection May Not Be So Permanent""",The New York Times,"January 26, 2011",https://www.nytimes.com/2011/01/27/arts/design/27sell.html
86,"""Met Changes 50-Year Admissions Policy: Non-New Yorkers Must Pay""",New York Times,"January 4, 2018",https://www.nytimes.com/2018/01/04/arts/design/met-museum-admissions.html
87,"""The Met Should Be Open to All. The New Pay Policy Is a Mistake""",The New York Times,"January 4, 2018",https://www.nytimes.com/2018/01/04/arts/design/the-met-should-be-open-to-all-the-new-pay-policy-is-a-mistake.html?_r=0
88,"""'Museums should be accessible': the backlash to the Met's new pricing policy""",the Guardian,"January 8, 2018",https://www.theguardian.com/artanddesign/2018/jan/08/met-museum-new-pricing-policy-backlash
89,"""Meet the Staff | The Metropolitan Museum of Art""",www.metmuseum.org,"July 10, 2022",https://www.metmuseum.org/about-the-met/collection-areas/asian-art/meet-the-staff
90,"""Met Museum""",Met Museum,"July 10, 2022",https://www.metmuseum.org/about-the-met/collection-areas/european-paintings/meet-the-staff
91,NaN,NaN,"July 12, 2017",https://news.artnet.com/art-world/art-industry-news-july-12-1020134
92,"""Metropolitan Museum of Art to Reopen Five Days a Week in August""",The New York Times,"July 15, 2020",https://www.nytimes.com/2020/07/15/arts/design/met-museum-reopening-plans.html
93,"""Medieval Art and The Cloisters""",The Met,"July 16, 2008",https://www.metmuseum.org/press/general-information/2010/medieval-art-and-the-cloisters
94,"""Qatar Uses Its Riches to Buy Art Treasures""",The New York Times,"July 22, 2013",https://web.archive.org/web/20170213115617/http://www.nytimes.com/2013/07/23/arts/design/qatar-uses-its-riches-to-buy-art-treasures.html
95,"""Photos From 'American Woman:Fashioning A National Identity' At The Met""",HuffPost,"July 28, 2010",https://www.huffpost.com/entry/photos-from-american-woma_n_632781
96,"""At the Met, McQueen's Final Showstopper""",The New York Times,"July 29, 2011",https://www.nytimes.com/2011/07/31/fashion/mets-mcqueen-retrospective-is-expected-to-break-records.html
97,"""Assyria, 1365–609 B.C. | Thematic Essay | Heilbrunn Timeline of Art History | The Metropolitan Museum of Art""",Metmuseum,"July 4, 2012",http://www.metmuseum.org/toah/hd/assy/hd_assy.htm
98,"""The Metropolitan Museum of Art – Greek and Roman Art""",Metmuseum,"July 4, 2012",http://www.metmuseum.org/en/about-the-museum/museum-departments/curatorial-departments/greek-and-roman-art
99,"""Digital Underground""", link,"July 6, 2017",http://www.metmuseum.org/blogs/digital-underground
100,"""Patricia Marroquin Norby Is Bringing a Native Perspective to the Met""",The New York Times,"July 9, 2021",https://www.nytimes.com/2021/07/09/arts/design/patricia-norby-met-museum.html
101,"""Dr. Sylvia L. Yount Named to Post at The Met""",June ,"June 11, 2014",https://www.vmfa.museum/pressroom/news/dr-sylvia-l-yount-named-post-metropolitan-museum-art/
102,"""Met Museum Changes Leadership Structure""",NY Times,"June 13, 2017",https://www.nytimes.com/2017/06/13/arts/design/met-museum-changes-leadership-structure.html
103,"""The Metropolitan Museum of Art – The Costume Institute""",Metmuseum,"June 21, 2012",http://www.metmuseum.org/about-the-museum/museum-departments/curatorial-departments/the-costume-institute
104,"""The Metropolitan Museum of Art – Photographs""",Metmuseum,"June 21, 2012",http://www.metmuseum.org/about-the-museum/museum-departments/curatorial-departments/photographs
105,"""The Metropolitan Museum of Art has an official reopening date""",Time Out,"June 24, 2020",https://www.timeout.com/newyork/news/the-metropolitan-museum-of-art-has-an-official-reopening-date-062420
106,"""Exhibitionists""",The New York Times Book Review,"June 28, 2009",https://www.nytimes.com/2009/06/28/books/review/Finnerty-t.html?_r=2
107,"""90 Works by Paul Klee Donated to Met Museum""",The New York Times,"June 6, 1984",https://www.nytimes.com/1984/06/06/arts/90-works-by-paul-klee-donated-to-met-museum.html
108,"""The Metropolitan Museum of Art – Egyptian Art""",Metmuseum,"June 8, 2012",http://www.metmuseum.org/about-the-museum/museum-departments/curatorial-departments/egyptian-art
109,"""The Metropolitan Museum of Art – The Robert Lehman Collection""",Metmuseum,"June 8, 2012",http://www.metmuseum.org/about-the-museum/museum-departments/curatorial-departments/the-robert-lehman-collection
110,"""Metropolitan Museum of Art""", (PDF),"June 9, 1967",http://s-media.nyc.gov/agencies/lpc/lp/0410.pdf
111,"""The Metropolitan Museum of Art – Arts of Africa, Oceania, and the Americas""",Metmuseum,"June 9, 2012",http://www.metmuseum.org/about-the-museum/museum-departments/curatorial-departments/art-of-africa-oceania-and-the-americas
112,"""The Metropolitan Museum of Art – Asian Art""",Metmuseum,"June 9, 2012",http://www.metmuseum.org/about-the-museum/museum-departments/curatorial-departments/asian-art
113,"""The Metropolitan Museum of Art – Drawings and Prints""",Metmuseum,"June 9, 2012",http://www.metmuseum.org/about-the-museum/museum-departments/curatorial-departments/drawings-and-prints
114,"""Metropolitan Museum of Art Names New President: Daniel Weiss""",The New York Times,"March 10, 2015",https://www.nytimes.com/2015/03/11/arts/design/daniel-h-weiss-of-haverford-expected-to-be-metropolitan-museums-new-president.html?_r=0
115,"""Museum closings""",March ,"March 13, 2020",https://www.metmuseum.org/about-the-met/policies-and-documents/covid-19-health-and-safety-updates
116,"""The Met Announces Architect for Oscar L. Tang and H.M. Agnes Hsu-Tang Wing""",March ,"March 14, 2022",https://www.metmuseum.org/press/news/2022/frida-escobedo
117,"""Met Execs Got Hefty Bonuses Amid-Rising Deficit""",artnet News,"March 16, 2017",https://news.artnet.com/art-world/met-execs-awarded-bonus-and-raises-894431
118,NaN,NaN,"March 18, 2022",NaN
119,"""Open Access at The Met""",The MET,"March 23, 2022",https://www.metmuseum.org/about-the-met/policies-and-documents/open-access
120,"""Anarchy Unleashed""",The New Yorker,"March 25, 2013",https://www.newyorker.com/magazine/2013/03/25/anarchy-unleashed
121,"""NYC art museum accused of duping visitors on admission fees""",Associated Press/Fox News,"March 25, 2013",http://www.foxnews.com/us/2013/03/25/nyc-art-museum-accused-duping-visitors-on-admission-fees/
122,NaN,NaN,"March 27, 2023",NaN
123,NaN,NaN,"March 27, 2023",NaN
124,"""Metropolitan Museum of Art Cuts Staff""", Archived March ,"March 29, 2017",https://www.wsj.com/articles/metropolitan-museum-of-art-cuts-staff-1475072125
125,"""Everything You Need to Know About the 2022 Met Gala""",Vogue,"March 29, 2022",https://www.vogue.com/article/everything-to-know-met-gala-guide
126,NaN,NaN,"March 5, 2016",http://www.metmuseum.org/visit/met-breuer
127,"""Artists Protest Sackler Family Through Museums That Bear Their Name""",Bloomberg,"March 6, 2019",https://www.bloomberg.com/news/articles/2019-03-06/sackler-family-faces-art-world-protests-with-purdue-under-siege
128,"""This Is Lenapehoking""",www.metmuseum.org,"May 12, 2021",https://www.metmuseum.org/perspectives/articles/2021/5/this-is-lenapehoking
129,"""Secrets, Phonies Animate Lively Met Museum History: Interview""",Bloomberg News,"May 14, 2009",https://www.bloomberg.com/apps/news?pid=20601088&sid=avZEUFAa.QUo&refer=muse
130,"""The Metropolitan Museum of Art – Arms and Armor""",Metmuseum,"May 15, 2012",http://www.metmuseum.org/about-the-museum/museum-departments/curatorial-departments/arms-and-armor
131,"""Access Hours and Policies""",Archived from the original on May ,"May 15, 2014",http://libmma.org/portal/access-hours-and-policies/
132,"""Michael Gross Gets Lots of Dirty Looks But Little Buzz for Rogues' Gallery""",The New York Observer,"May 19, 2009",https://observer.com/2009/05/michael-gross-gets-lots-of-dirty-looks-but-little-buzz-for-irogues-galleryi/
133,"""The Met creates digital project tied to $70m upgrade of African, ancient American and Oceanic art galleries""",The Art Newspaper,"May 24, 2022",https://www.theartnewspaper.com/2022/05/24/the-met-creates-digital-project-tied-to-dollar70m-upgrade-of-african-ancient-american-and-oceanic-art-galleries
134,"""Ancient Greek Pottery""",World History Encyclopedia,"May 25, 2022",https://www.worldhistory.org/Greek_Pottery/
135,"""Arms and Armor—Common Misconceptions and Frequently Asked Questions""",www.metmuseum.org,"May 25, 2022",https://www.metmuseum.org/toah/hd/aams/hd_aams.htm
136,"""The conservation of musical ins trurnents""",unesdoc,"May 25, 2022",https://unesdoc.unesco.org/ark:/48223/pf0000104076
137,"""The Met Libraries""",Metropolitan Museum of Art,"May 27, 2013",http://libmma.org/portal/category/met-libraries/
138,"""The Metropolitan Museum of Art – European Paintings""",Metmuseum,"May 28, 2012",http://www.metmuseum.org/about-the-museum/museum-departments/curatorial-departments/european-paintings
139,"""The Metropolitan Museum of Art – Musical Instruments""",Metmuseum,"May 29, 2012",http://www.metmuseum.org/about-the-museum/museum-departments/curatorial-departments/musical-instruments
140,"""The Metropolitan Museum of Art – Ancient Near Eastern Art""",Metmuseum,"May 30, 2012",http://www.metmuseum.org/about-the-museum/museum-departments/curatorial-departments/ancient-near-eastern-art
141,"""The Metropolitan Museum of Art – European Sculpture and Decorative Arts""",Metmuseum,"May 30, 2012",http://www.metmuseum.org/about-the-museum/museum-departments/curatorial-departments/european-sculpture-and-decorative-arts
142,"""The Met Offers a New Look at Americana""",The New York Times,"May 4, 2009",https://www.nytimes.com/2009/05/05/arts/design/05met.html
143,"""Everything You Ever Wanted to Know About the Met Gala (But Were Too Afraid To Ask)""",NBC New York,"May 5, 2011",http://www.nbcnewyork.com/blogs/threadny/THREAD-Everything-You-Ever-Wanted-to-Know-About-the-Met-Gala-But-Were-Too-Afraid-To-Ask-121096889.html
144,"""Daniel Brodsky is Voted Chairman of the Metropolitan Museum of Art""",The New York Times,"May 5, 2011",https://www.nytimes.com/2011/05/11/arts/design/daniel-brodsky-is-voted-chairman-of-metropolitan-museum.html
145,"""The Met Files a Formal Proposal to Charge Admission to Out-of-State Visitors""",The New York Times,"May 5, 2017",https://www.nytimes.com/2017/05/05/arts/design/the-metropolitcan-museum-of-art-admission-fees-tickets-de-blasio.html
146,"""Metropolitan Museum of Art to Renovate Its Arts of Africa, Oceania, and the Americas Galleries""",www.metmuseum.org,"May 5, 2020",https://www.metmuseum.org/press/news/2018/rockefeller-wing-announcement
147,"""Liv Tyler and Stella McCartney Reminisce About the Time They Wore Hanes to the Met Gala""",Vogue,"May 5, 2020",https://www.vogue.com/article/liv-tyler-stella-mccartney-oral-history-1999-met-gala-look
148,"""Stars and Superheroes Sparkle at Museum Gala""",The New York Times,"May 6, 2008",https://www.nytimes.com/2008/05/06/nyregion/06gala.html
149,"""De Blasio, With 'Cultural Plan,' Proposes Linking Money to Diversity""",The New York Times,"May 8, 2017",https://www.nytimes.com/2017/07/19/arts/design/new-york-cultural-plan-museums.html
150,"""The Metropolitan Museum of Art – Islamic Art""",Metmuseum,"November 1, 2011",http://www.metmuseum.org/about-the-museum/museum-departments/curatorial-departments/islamic-art
151,"""Annual Report: Board of Trustees""", (PDF),"November 1, 2014",http://www.metmuseum.org/about-the-museum/annual-reports/~/media/924DCB0D4562488A8DC818F4515912BE.pdf
152,"""Metropolitan Museum board appoints first woman co-chair""",November ,"November 11, 2020",https://www.theartnewspaper.com/2020/11/11/metropolitan-museum-board-appoints-first-woman-co-chair
153,""", People magazine, November 17, 1975. """,Tom Hoving of the Met Builds,"November 17, 1975",http://people.com/archive/tom-hoving-of-the-met-builds-buys-and-makes-much-of-the-art-world-bilious-vol-4-no-20/
154,"""Metropolitan Museum of Art""", (PDF),"November 19, 1977",http://s-media.nyc.gov/agencies/lpc/lp/0972.pdf
155,"""Metropolitan Museum Launches New and Expanded Web Site""", Archived November ,"November 28, 2016",http://www.metmuseum.org/press/exhibitions/2000/metropolitan-museum-launches-new-and-expanded-web-site
156,"""The Robert Lehman Collection""",The Metropolitan Museum of Art,"November 30, 2019",https://www.metmuseum.org/press/general-information/2005/the-robert-lehman-collection
157,"""Metropolitan Museum of Art bestowed with $125 million to renovate its modern art wing""",The Architect's Newspaper,"November 30, 2021",https://www.archpaper.com/2021/11/metropolitan-museum-of-art-125-million-to-launch-renovation-of-its-modern-art-wing/
158,"""With $125 Million Gift, Met Museum Jump-Starts New Modern Wing""",The New York Times,"November 30, 2021",https://www.nytimes.com/2021/11/30/arts/design/met-museum-modern-wing-gift.html
159,"""Black Artists and Activism: Harlem on My Mind (1969)""",American Studies,"October 18, 2014",https://web.archive.org/web/20141018041457/http://www.theasa.net/journals/name/american_studies/3958/
160,""", BY Alex Greenberger, Artnews Journal, October 18, 2017. """,Metropolitan Museum of Art Names Lauren A,"October 18, 2017",http://www.artnews.com/2017/10/18/metropolitan-museum-of-art-names-lauren-a-meserve-senior-vice-president-and-chief-investment-officer/
161,"""The Met Considers Selling Its Art to Stave off Financial Shortfall""",NPR,"October 18, 2017","https://www.npr.org/sections/coronavirus-live-updates/2021/02/22/970190768/the-met-considers-selling-its-art-to-stave-off-financial-shortfall#:~:text=And%20as%20Artnet%20reported%2C%20the,effects%20in%20the%20long%20run.%22"
162,"""Norman Lewis – First Major African American Abstract Expressionist""",Violette de Mazia Foundation,"October 21, 2014",https://web.archive.org/web/20141021221800/http://demazia.org/features/norman-lewis-first-major-african-american-abstract-expressionist
163,NaN,NaN,"October 21, 2014",https://www.metmuseum.org/exhibitions/listings/2022/in-america-anthology
164,"""Brief History of The Museum""",Metmuseum,"October 24, 2012",http://www.metmuseum.org/about-the-museum/press-room/general-information/2005/a-brief-history-of-the-museum
165,"""Acquisitions of the month: August–September 2018""",Apollo Magazine,"October 3, 2018",https://www.apollo-magazine.com/acquisitions-of-the-month-august-september-2018/
166,"""Interactive Guide to Islamic Art Galleries at Met""",The New York Times,"October 30, 2011",http://archive.nytimes.com/www.nytimes.com/interactive/2011/10/30/arts/design/20111030-met-islamic-wing.html
167,"""The New American Wing""",metmuseum,"October 30, 2013",http://www.metmuseum.org/search-results?ft=American+Wing&x=7&y=8
168,"""Brimful museums put art under the hammer""",The Times,"October 31, 2005","http://www.timesonline.co.uk/article/0,,11069-1851184,00.html"
169,NaN,NaN,"September 10, 2013",https://www.metmuseum.org/press/news/2013/diana-craig-patch
170,"""Ken Sunshine Joins the Met's Board of Trustees""",New York Post,"September 13, 2014",http://pagesix.com/2014/09/13/ken-sunshine-joins-the-mets-board-of-trustees/
171,"""Met Announces Patricia Marroquin Norby as First Full-Time Curator of Native American Art""",www.artforum.com,"September 13, 2020",https://www.artforum.com/news/met-announces-patricia-marroquin-norby-as-first-full-time-curator-of-native-american-art-83908
172,"""Investigators, Citing Looting, Have Seized 27 Antiquities From the Met""",The New York Times,"September 2, 2022",https://www.nytimes.com/2022/09/02/arts/design/met-museum-looting.html
173,"""The Frick Likely to Take Over the Met Breuer""",The New York Times,"September 21, 2018",https://www.nytimes.com/2018/09/21/arts/design/met-breuer-frick-collection.html
174,"""The Metropolitan Museum of Art and The Frick Collection Planning Collaboration to Enable Frick to Use Whitney Museum of American Art's Breuer Building During Frick's Upgrade and Renovation""", (PDF),"September 21, 2018",https://www.frick.org/sites/default/files/pdf/press/2018/FrickMetDiscussion.pdf
175,"""Qatar Has Given the Metropolitan Museum of Art a 'Generous' Gift to Supercharge Its Islamic Art Department""",Artnet News,"September 22, 2022",https://news.artnet.com/art-world/the-metropolitan-museum-of-art-qatar-gift-2180431
176,"""The Metropolitan Museum of Art – Exhibitions""",Metmuseum,"September 23, 2011",http://www.metmuseum.org/special/
177,"""The Metropolitan Museum of Art | About""",www.artinfo.com,"September 26, 2011",https://web.archive.org/web/20110926002431/http://www.artinfo.com/galleryguide/19639/6185/the-metropolitan-museum-of-art-new-york/about/
178,"""The Met Is Looking to Leave the Breuer Building After Just Two Years""",Architectural Digest,"September 26, 2018",https://www.architecturaldigest.com/story/met-breuer-building-move
179,"""Modern Photography in a Brand-New Space""",The New York Times,"September 28, 2007",https://www.nytimes.com/2007/09/28/arts/design/28mens.html
180,"""Arms and Armor: Notable Acquisitions 2003–2014""",Archived from the original on September ,"September 28, 2017",http://www.metmuseum.org/exhibitions/listings/2014/art-of-collecting-arms-and-armor
181,"""New partnership between Qatar Museums and New York City art museum strengthens the continued idea of scholarly cooperation""",Magzoid,"September 28, 2022",https://magzoid.com/new-partnership-between-qatar-museums-and-new-york-city-art-museum-strengthens-the-continued-idea-of-scholarly-cooperation/
182,"""The Fall's Most Fascinating Art Show.""", The New York Times,"September 4, 2017",https://www.nytimes.com/2017/09/04/arts/design/director-metropolitan-museum-search-daniel-weiss.html?rref=collection%2Ftimestopic%2FMetropolitan%20Museum%20of%20Art&action=click&contentCollection=timestopics&region=stream&module=stream_unit&version=latest&contentPlacement=2&pgtype=collection
183,"""Chanel Returning to the Met for Its Pre-Fall Show""",WWD,"September 4, 2018",https://wwd.com/fashion-news/fashion-scoops/chanel-returning-to-the-met-for-its-pre-fall-show-1202774706/
184,"""Libraries and Study Centers""",Archived from the original on September ,"September 8, 2013",http://www.metmuseum.org/research/libraries-and-study-centers/nolen-library
185,"""Patricia Marroquin Norby Named Associate Curator of Native American Art at The Metropolitan Museum of Art""",www.metmuseum.org,"September 8, 2020",https://www.metmuseum.org/press/news/2020/patricia-marroquin-norby
186,"""Andrew Bolton Takes Over Costume Institute""",Artnet News,"September 9, 2015",https://news.artnet.com/art-world/andrew-bolton-curator-metropolitan-museum-331144
187,"""The Met Hires Its First Full-Time Native American Curator""",The New York Times,"September 9, 2020",https://www.nytimes.com/2020/09/09/arts/design/met-museum-native-american-curator.html
